cust_id,cust_firstname,cust_lastname
1,Julian,Adams
2,Fenton,Hall
3,Sarah,Myers
4,Mary,Brown
5,Amanda,Hawkins
6,Kellan,Wilson
7,Lucia,Morris
8,Vanessa,Thompson
9,Maximilian,Warren
10,Tony,Parker
11,Jacob,Allen
12,Arnold,Richardson
13,Lana,Morgan
14,Lenny,Myers
15,Vanessa,Anderson
16,Brianna,Richards
17,Adrian,Bennett
18,Antony,Morris
19,Ryan,Anderson
20,Alan,Ellis
21,Hailey,Cameron
22,Blake,Smith
23,Fenton,Holmes
24,Jessica,Walker
25,Derek,Chapman
26,Lily,Kelley
27,Chloe,Johnston
28,Kelvin,Richardson
29,Michael,Harrison
30,Victor,Morgan
31,Penelope,Fowler
32,Lenny,Sullivan
33,Dominik,Harrison
34,Marcus,Riley
35,Kirsten,Myers
36,Lana,Wells
37,Savana,Carroll
38,Andrew,Wilson
39,Kate,Parker
40,Adison,Perkins
41,Ellia,Carroll
42,Jack,Crawford
43,Myra,Kelley
44,Eric,Baker
45,Paige,Nelson
46,Oscar,Spencer
47,Evelyn,Hill
48,Jasmine,Gray
49,Paul,Sullivan
50,Gianna,Thomas
51,Adrianna,Bailey
52,Arnold,Perkins
53,Roland,Wright
54,Clark,Morgan
55,Elise,Campbell
56,Tyler,Davis
57,Isabella,Harris
58,Kelsey,Harris
59,Lana,Campbell
60,Madaline,West
61,Lucy,Harrison
62,Olivia,Carter
63,Paul,Tucker
64,Amanda,Wright
65,Ned,Harrison
66,Rubie,Wright
67,Vivian,Baker
68,Daryl,Murray
69,Bruce,Cole
70,Miranda,Douglas
71,Charlie,Hawkins
72,Adison,Riley
73,Sam,Montgomery
74,Brianna,Brooks
75,Camila,Douglas
76,Michelle,Montgomery
77,Aida,Andrews
78,Miley,Wright
79,Agata,Morris
80,Elian,Howard
81,Annabella,West
82,Brianna,Murphy
83,Reid,Phillips
84,Emma,Lloyd
85,Florrie,Smith
86,Victoria,Cole
87,Jessica,Wilson
88,Alisa,Hamilton
89,Daniel,Holmes
90,Stuart,Kelly
91,Honey,Thomas
92,Connie,Kelly
93,Steven,Barrett
94,Kevin,Perry
95,Lucia,Higgins
96,Eleanor,Cameron
97,Julia,Craig
98,Alexia,Tucker
99,Charlie,Grant
100,Kelsey,Ross
101,Roman,Carroll
102,Olivia,Watson
103,Annabella,Cole
104,Justin,Reed
105,Tess,Roberts
106,Natalie,Edwards
107,Lucia,Warren
108,Reid,Taylor
109,Brooke,Walker
110,Lenny,Hawkins
111,Rubie,Evans
112,Hailey,Scott
113,Luke,Harris
114,Antony,Mason
115,Elise,Bennett
116,Melanie,Casey
117,Arthur,Harper
118,Kevin,Turner
119,Melanie,Carter
120,Cadie,Johnston
121,Maya,Chapman
122,Vanessa,Tucker
123,Sabrina,Clark
124,Patrick,Parker
125,Stuart,Williams
126,Paige,Hunt
127,Annabella,Morris
128,Byron,Nelson
129,Henry,Murphy
130,Arianna,Sullivan
131,Kate,Harper
132,Adam,Taylor
133,Lana,Hawkins
134,Audrey,Walker
135,Lucia,Miller
136,Edwin,Carter
137,Rebecca,Holmes
138,Abigail,Murphy
139,Maximilian,Clark
140,Sofia,Kelley
141,Roland,Douglas
142,Michelle,Casey
143,Julian,Craig
144,Marcus,Davis
145,Sydney,Ross
146,Lydia,Morris
147,Elise,Higgins
148,Alford,Murphy
149,Lenny,Murphy
150,Edward,Myers
151,Ellia,Evans
152,Alford,Ferguson
153,Chester,Turner
154,Maya,Armstrong
155,Olivia,Douglas
156,Victor,Riley
157,Aldus,Chapman
158,Emma,Mason
159,Sabrina,Perry
160,Justin,Miller
161,Alfred,Adams
162,Daisy,Cole
163,Myra,Wilson
164,Madaline,Anderson
165,Daniel,Russell
166,Oscar,Owens
167,Reid,Craig
168,Naomi,Perry
169,Steven,Russell
170,Kate,Foster
171,Amelia,Morrison
172,Tess,Dixon
173,Carlos,Evans
174,Spike,Watson
175,Kimberly,Roberts
176,Maximilian,Douglas
177,Adam,Turner
178,Maria,Higgins
179,Patrick,Brown
180,Sawyer,Sullivan
181,Tara,Higgins
182,Amy,Taylor
183,George,Foster
184,Ted,Harrison
185,Carl,Harrison
186,James,Carroll
187,Catherine,Armstrong
188,Maddie,Campbell
189,Sam,Henderson
190,Emily,Holmes
191,Brooke,Douglas
192,Agata,Hall
193,Fiona,Douglas
194,Vanessa,Turner
195,John,Cooper
196,Eric,Richardson
197,Arthur,Payne
198,Savana,Tucker
199,Oliver,Andrews
200,Jared,Bailey
201,Ellia,Gibson
202,Alissa,Casey
203,Alen,Harrison
204,Fiona,Watson
205,Andrew,Crawford
206,Natalie,Morgan
207,Max,Higgins
208,Cherry,Mason
209,Walter,Ellis
210,Florrie,Mason
211,Amelia,Wells
212,April,Parker
213,Mike,Barrett
214,Rebecca,Davis
215,Sabrina,Taylor
216,Julian,Adams
217,Amy,Hawkins
218,Julia,Mitchell
219,Ashton,Scott
220,Madaline,Roberts
221,Miley,Morris
222,Eric,Wells
223,Martin,Crawford
224,Eddy,Payne
225,Brad,Harper
226,Cadie,Lloyd
227,Fiona,Scott
228,Carina,Bennett
229,Ted,Warren
230,Preston,Adams
231,Florrie,Phillips
232,Lily,Phillips
233,Sam,Kelley
234,Luke,Watson
235,Blake,Fowler
236,Chelsea,Farrell
237,Alfred,Fowler
238,Valeria,Kelly
239,Agata,Cameron
240,David,Richards
241,Maximilian,Baker
242,Myra,Ellis
243,Sabrina,Howard
244,Penelope,Johnson
245,Oliver,Owens
246,Edwin,Hunt
247,Florrie,Hunt
248,Eric,Gibson
249,Brooke,Miller
250,Tyler,Sullivan
251,Mike,Alexander
252,Arthur,Kelley
253,Andrew,Campbell
254,Naomi,Perkins
255,Kimberly,Walker
256,Arnold,Johnson
257,Adrian,Mason
258,Brianna,Howard
259,Darcy,Carter
260,Vanessa,Hall
261,Hailey,Martin
262,James,Carroll
263,Chloe,Johnson
264,Thomas,Craig
265,James,Stewart
266,Miranda,Ellis
267,Edgar,Nelson
268,Arnold,Parker
269,Joyce,Nelson
270,Brianna,Fowler
271,Jessica,Brown
272,Paige,Harper
273,Naomi,Tucker
274,Natalie,Rogers
275,Adele,Walker
276,Ryan,Bennett
277,Paige,Cooper
278,Alissa,Gibson
279,Thomas,Casey
280,Spike,Baker
281,Alina,Wells
282,Adam,Fowler
283,Fiona,Douglas
284,Kirsten,Rogers
285,Vincent,Cole
286,Alford,Dixon
287,Jenna,Morrison
288,Maria,Brown
289,Elise,Wilson
290,Audrey,Taylor
291,Penelope,Hawkins
292,Elise,Kelley
293,Connie,Johnston
294,Stella,Harrison
295,Adele,Harris
296,Abigail,Baker
297,Ellia,Bennett
298,Vivian,Hawkins
299,Brad,Smith
300,Justin,Morris
